동별(1),동별(2),동별(3),2024 사업체수_합계,2024 총 종사자수_합계,2024여성종사자수_합계,2024 개인사업체_소계,2024개인사업체_여성종사자수,2024_회사법인_소계,2024_회사법인_여성종사자수,2024_회사이외의 법인_소계,2024_회사이외의 법인_여성종사자수,2024_비법인단체_소계,2024_비법인단체_여성종사자수,Unnamed: 14,Unnamed: 15,행정동코드
합계,소계,소계,1176066,5772456,2646208,1582595,793909,3140470,1235724,911417,501201,137974,115374,,,
합계,종로구,소계,46830,265635,124405,67338,32560,135520,57478,60257,32512,2520,1855,,,
합계,종로구,사직동,5016,56858,27260,10256,5734,33476,15375,12836,5950,290,201,,,11110530.0
합계,종로구,삼청동,957,4754,2460,1046,618,1568,923,2123,909,17,10,,,11110540.0
합계,종로구,부암동,930,4068,2255,1075,564,705,356,2163,1246,125,89,,,11110550.0
합계,종로구,평창동,1376,4291,2325,1658,925,1312,554,1022,616,299,230,,,11110560.0
합계,종로구,무악동,850,2238,1226,1523,706,360,256,189,128,166,136,,,11110570.0
합계,종로구,교남동,603,7886,4133,902,558,3648,1171,3243,2329,93,75,,,11110580.0
합계,종로구,가회동,987,8518,3357,1160,651,5686,1781,1625,883,47,42,,,11110600.0
합계,종로구,종로1.2.3.4가동,16401,108640,47082,22343,10196,70096,29189,15742,7434,459,263,,,
합계,종로구,종로5.6가동,7022,19891,7700,9917,4069,8227,2789,1647,787,100,55,,,
합계,종로구,이화동,1953,17755,10792,2404,1222,3353,1534,11738,7821,260,215,,,11110640.0
합계,종로구,창신1동,2385,4956,2454,3284,1472,1166,639,470,317,36,26,,,11110670.0
합계,종로구,창신2동,1067,2015,1044,1618,814,178,79,109,56,110,95,,,11110680.0
합계,종로구,창신3동,382,1187,662,468,216,120,27,493,340,106,79,,,11110690.0
합계,종로구,숭인1동,742,1775,995,1206,656,222,97,164,75,183,167,,,11110700.0
합계,종로구,숭인2동,2300,5952,2876,3229,1474,1841,999,843,378,39,25,,,11110710.0
합계,종로구,청운효자동,1542,5623,3124,1850,977,1367,698,2326,1387,80,62,,,11110515.0
합계,종로구,혜화동,2317,9228,4660,3399,1708,2195,1011,3524,1856,110,85,,,11110650.0
합계,중구,소계,67098,399960,180578,89876,45186,253401,107258,54133,26425,2550,1709,,,
합계,중구,소공동,5061,70838,31613,5420,3101,57494,24704,7786,3721,138,87,,,11140520.0
합계,중구,회현동,8336,57888,22670,10461,6051,42506,14454,4604,2022,317,143,,,11140540.0
합계,중구,명동,8689,113512,53026,10586,6204,82087,36765,20507,9824,332,233,,,11140550.0
합계,중구,필동,3670,25094,11715,5130,2144,13217,6357,6614,3155,133,59,,,11140570.0
합계,중구,장충동,999,8382,3692,1283,595,5585,2514,1406,490,108,93,,,11140580.0
합계,중구,광희동,8851,32713,15527,12187,5455,15518,7000,4857,3001,151,71,,,11140590.0
합계,중구,을지로동,8868,30179,10980,13408,4562,15581,5853,1046,488,144,77,,,11140605.0
합계,중구,신당5동,1634,4013,2124,2633,1396,704,275,554,346,122,107,,,11140650.0
합계,중구,황학동,2551,5494,2527,3379,1465,1748,806,231,143,136,113,,,11140670.0
합계,중구,중림동,1325,8193,4311,1751,931,5186,2562,1102,698,154,120,,,11140680.0
합계,중구,신당동,11088,22393,11900,14946,8828,4351,1969,2883,1013,213,90,,,11140615.0
합계,중구,다산동,2269,8241,3867,2964,1420,4478,1915,642,397,157,135,,,11140625.0
합계,중구,약수동,1300,4287,2261,2159,1262,1227,485,731,369,170,145,,,11140635.0
합계,중구,청구동,1175,4665,2059,1557,732,2260,766,675,415,173,146,,,11140645.0
합계,중구,동화동,1282,4068,2306,2012,1040,1459,833,495,343,102,90,,,11140665.0
합계,용산구,소계,27854,157564,71485,33069,16598,91293,38581,29095,14211,4107,2095,,,
합계,용산구,후암동,1342,5194,2355,1620,831,2749,1011,746,446,79,67,,,11170510.0
합계,용산구,용산2가동,798,2166,1090,1064,464,513,232,472,292,117,102,,,11170520.0
합계,용산구,남영동,2142,19708,9243,3030,1616,13996,6532,2536,992,146,103,,,11170530.0
합계,용산구,원효로2동,1346,5343,2323,1270,531,3438,1350,447,286,188,156,,,11170570.0
합계,용산구,효창동,766,2611,1172,909,470,1060,301,565,336,77,65,,,11170580.0
합계,용산구,용문동,969,2188,1047,1269,609,687,273,134,78,98,87,,,11170590.0
합계,용산구,이촌1동,1534,4122,2253,2005,1235,688,292,1055,596,374,130,,,11170630.0
합계,용산구,이촌2동,549,1115,505,565,224,201,60,204,97,145,124,,,11170640.0
합계,용산구,이태원1동,1864,7049,3393,2373,1090,2529,1157,2085,1096,62,50,,,11170650.0
합계,용산구,이태원2동,1120,3050,1399,1216,574,1572,674,218,122,44,29,,,11170660.0
합계,용산구,서빙고동,769,4809,2010,687,300,2189,706,1673,827,260,177,,,11170690.0
합계,용산구,보광동,714,1400,633,867,410,160,57,346,147,27,19,,,11170700.0
합계,용산구,청파동,2500,11496,6121,3203,1543,4205,1762,3835,2586,253,230,,,11170555.0
합계,용산구,원효로1동,2215,9837,4019,2454,1155,5812,2144,1359,556,212,164,,,11170560.0
합계,용산구,한강로동,6084,55730,23029,6902,3456,37514,15633,9452,3450,1862,490,,,11170625.0
합계,용산구,한남동,3142,21746,10893,3635,2090,13980,6397,3968,2304,163,102,,,11170685.0
합계,성동구,소계,39264,201023,89541,49760,23341,119926,48934,27582,14194,3755,3072,,,
합계,성동구,왕십리2동,1217,2619,1361,1796,900,462,193,236,157,125,111,,,11200520.0
합계,성동구,마장동,3911,12829,4393,4927,1697,5069,1232,2376,1121,457,343,,,11200540.0
합계,성동구,사근동,1265,11126,5964,2097,1024,1076,491,7877,4403,76,46,,,11200550.0
합계,성동구,행당1동,1640,10704,6019,2802,1610,3293,1627,4273,2468,336,314,,,11200560.0
합계,성동구,행당2동,1024,2339,1420,1386,788,333,207,413,254,207,171,,,11200570.0
합계,성동구,응봉동,655,1108,509,701,322,76,18,273,122,58,47,,,11200580.0
합계,성동구,금호1가동,914,2156,1273,1190,633,282,129,429,273,255,238,,,11200590.0
합계,성동구,금호4가동,989,2219,1201,1428,763,378,167,298,174,115,97,,,11200620.0
합계,성동구,성수1가1동,2783,14291,6623,3024,1284,9805,4526,1353,731,109,82,,,11200650.0
합계,성동구,성수1가2동,4764,27551,11994,5339,2544,20975,8708,1103,648,134,94,,,11200660.0
합계,성동구,성수2가1동,3169,17197,6285,3742,1553,12016,4209,1190,302,249,221,,,11200670.0
합계,성동구,성수2가3동,7509,63465,27383,8531,3692,53074,22716,1501,738,359,237,,,11200690.0
합계,성동구,송정동,947,2799,1205,1222,491,872,274,646,387,59,53,,,11200720.0
합계,성동구,용답동,2368,13004,4353,2948,1269,6566,2016,3207,828,283,240,,,11200790.0
합계,성동구,왕십리도선동,3165,9832,5319,4625,2542,3437,1546,1450,982,320,249,,,11200535.0
합계,성동구,금호2.3가동,1489,2943,1721,1997,1089,251,99,315,191,380,342,,,
합계,성동구,옥수동,1455,4841,2518,2005,1140,1961,776,642,415,233,187,,,11200645.0
합계,광진구,소계,33295,125475,59239,48229,24330,45074,16381,28845,15657,3327,2871,,,
합계,광진구,화양동,3152,16382,8125,5674,2878,3132,1338,7471,3826,105,83,,,11215710.0
합계,광진구,군자동,2266,10424,4821,3383,1726,3300,1244,3584,1715,157,136,,,11215730.0
합계,광진구,중곡1동,2154,6517,2871,3039,1407,2710,948,649,417,119,99,,,11215740.0
합계,광진구,중곡2동,2329,7108,3516,3253,1641,3023,1232,633,465,199,178,,,11215750.0
합계,광진구,중곡3동,1640,6105,3226,2515,1177,887,259,2369,1473,334,317,,,11215760.0
합계,광진구,중곡4동,1988,4856,2259,2753,1231,852,242,985,545,266,241,,,11215770.0
합계,광진구,능동,1166,6154,3335,1991,1116,2187,995,1917,1173,59,51,,,11215780.0
합계,광진구,구의1동,2515,6361,2896,3394,1671,1554,573,1112,406,301,246,,,11215850.0
합계,광진구,구의2동,1878,5419,2802,2693,1330,1491,648,1036,639,199,185,,,11215860.0
합계,광진구,구의3동,3280,13756,5564,4179,2163,8053,2621,1243,564,281,216,,,11215870.0
합계,광진구,광장동,2214,13362,5742,2663,1429,8426,2905,1967,1155,306,253,,,11215810.0
합계,광진구,자양1동,2216,9692,4695,3655,2022,3558,1113,2104,1202,375,358,,,11215820.0
합계,광진구,자양2동,2097,5591,2608,2735,1240,1085,359,1573,863,198,146,,,11215830.0
합계,광진구,자양3동,2095,7242,3758,2786,1471,2645,1212,1536,849,275,226,,,11215840.0
합계,광진구,자양4동,2305,6506,3021,3516,1828,2171,692,666,365,153,136,,,11215847.0
합계,동대문구,소계,43129,145719,71521,64327,30552,40793,17078,34690,18783,5909,5108,,,
합계,동대문구,회기동,1335,11001,6059,2287,1186,827,372,7817,4450,70,51,,,11230710.0
합계,동대문구,휘경1동,1424,3910,2101,1957,983,782,337,724,386,447,395,,,11230720.0
합계,동대문구,휘경2동,1833,5821,3080,2218,797,414,181,2970,1909,219,193,,,11230730.0
합계,동대문구,청량리동,1922,8434,4333,3358,1799,937,350,3543,1695,596,489,,,11230705.0
합계,동대문구,용신동,6964,29113,14211,10258,4822,11991,5344,6078,3422,786,623,,,11230536.0
합계,동대문구,제기동,5217,11581,5308,7284,3219,2779,1004,974,586,544,499,,,11230545.0
합계,동대문구,전농1동,3147,8574,4476,4429,2374,2331,1166,1383,528,431,408,,,11230560.0
합계,동대문구,전농2동,1518,5511,2761,1957,946,792,241,2532,1374,230,200,,,11230570.0
합계,동대문구,답십리2동,2847,7828,3417,4203,1827,2522,785,438,242,665,563,,,11230610.0
합계,동대문구,장안1동,6487,23021,10588,10383,4928,10489,4386,1688,903,461,371,,,11230650.0
합계,동대문구,장안2동,3890,11802,5997,7029,3710,2897,1122,1266,623,610,542,,,11230660.0
합계,동대문구,이문1동,1615,7067,3697,2398,1166,696,330,3681,1938,292,263,,,11230740.0
합계,동대문구,이문2동,1060,2500,1131,1346,635,304,47,643,260,207,189,,,11230750.0
합계,동대문구,답십리1동,3870,9556,4362,5220,2160,3032,1413,953,467,351,322,,,11230600.0
합계,중랑구,소계,42344,115477,55968,61320,28523,25939,8929,21724,12844,6494,5672,,,
합계,중랑구,면목2동,2515,5598,2756,3955,1913,783,224,505,300,355,319,,,11260520.0
합계,중랑구,면목4동,2712,5122,1939,3325,1196,958,176,621,386,218,181,,,11260540.0
합계,중랑구,면목5동,1264,3280,1305,1824,749,1030,355,269,65,157,136,,,
합계,중랑구,면목7동,2016,4940,2593,3459,1826,845,319,395,232,241,216,,,11260570.0
합계,중랑구,상봉1동,1959,7073,3397,2767,1233,2362,865,1658,1058,286,241,,,11260580.0
합계,중랑구,상봉2동,3707,9644,4572,5916,2827,2305,942,1169,595,254,208,,,11260590.0
합계,중랑구,중화1동,1590,3855,1997,2237,1043,657,207,710,529,251,218,,,11260600.0
합계,중랑구,중화2동,2635,6475,2876,3813,1862,1995,638,370,146,297,230,,,11260610.0
합계,중랑구,묵1동,2562,7462,3908,3753,1921,1379,587,2109,1223,221,177,,,11260620.0
합계,중랑구,묵2동,2410,5067,2323,3020,1323,1085,328,307,183,655,489,,,11260630.0
합계,중랑구,망우3동,1531,3894,2032,2370,1127,696,220,321,209,507,476,,,11260660.0
합계,중랑구,신내1동,3779,16011,7178,4861,2027,6831,2192,3621,2314,698,645,,,11260680.0
합계,중랑구,신내2동,2099,8379,4573,2538,1191,873,453,4347,2363,621,566,,,11260690.0
합계,중랑구,면목본동,3447,7389,4040,5363,2731,799,311,532,357,695,641,,,11260565.0
합계,중랑구,면목3.8동,2778,7880,4019,4118,1909,1148,343,2076,1278,538,489,,,
합계,중랑구,망우본동,5340,13408,6460,8001,3645,2193,769,2714,1606,500,440,,,11260655.0
합계,성북구,소계,35561,125573,65826,52200,26958,29306,11534,38308,22104,5759,5230,,,
합계,성북구,돈암1동,727,2114,1132,884,432,577,230,533,361,120,109,,,11290580.0
합계,성북구,돈암2동,1050,2928,1832,1195,634,1034,718,485,297,214,183,,,11290590.0
합계,성북구,안암동,1966,14732,7668,2922,1446,2307,921,9347,5176,156,125,,,11290600.0
합계,성북구,보문동,1847,6099,2805,2414,1144,2626,938,910,585,149,138,,,11290610.0
합계,성북구,정릉1동,1261,2596,1215,1758,791,385,96,281,165,172,163,,,11290620.0
합계,성북구,정릉2동,1556,3554,1732,2144,976,641,193,532,352,237,211,,,11290630.0
합계,성북구,정릉3동,996,5848,2848,1242,586,655,264,3862,1930,89,68,,,11290640.0
합계,성북구,정릉4동,1700,4863,2130,2042,964,1259,218,1284,709,278,239,,,11290650.0
합계,성북구,길음1동,1772,4464,2753,2590,1501,533,281,1147,793,194,178,,,11290660.0
합계,성북구,길음2동,1673,5251,3177,2756,1742,1556,806,764,465,175,164,,,11290685.0
합계,성북구,월곡1동,1839,5692,3085,2718,1363,1414,633,1259,826,301,263,,,11290715.0
합계,성북구,월곡2동,2137,10176,4825,3552,1773,2298,785,3952,1925,374,342,,,11290725.0
합계,성북구,장위1동,1695,3394,1824,2428,1161,282,132,407,272,277,259,,,11290760.0
합계,성북구,장위2동,1496,3654,2027,2310,1159,515,189,417,289,412,390,,,11290770.0
합계,성북구,장위3동,867,2097,1122,1238,599,223,73,464,283,172,167,,,11290780.0
합계,성북구,성북동,1849,7036,3708,2460,1393,3122,1300,1151,745,303,270,,,11290525.0
합계,성북구,삼선동,2601,11406,5813,3827,2130,2692,1124,4566,2270,321,289,,,11290555.0
합계,성북구,동선동,2592,11192,6726,4846,2770,2726,1115,3170,2433,450,408,,,11290575.0
합계,성북구,종암동,2943,8994,4862,4384,2254,2019,885,1984,1168,607,555,,,11290705.0
합계,성북구,석관동,2994,9483,4542,4490,2140,2442,633,1793,1060,758,709,,,11290810.0
합계,강북구,소계,25636,75722,40943,39849,20148,16803,8202,14680,8588,4390,4005,,,
합계,강북구,번1동,2252,8781,5211,3636,1947,3490,2174,1301,768,354,322,,,11305595.0
합계,강북구,번2동,880,3475,1411,1069,404,850,137,1301,635,255,235,,,11305603.0
합계,강북구,번3동,1110,3206,1635,1644,741,588,202,679,422,295,270,,,11305608.0
합계,강북구,수유1동,1913,5765,3432,2630,1302,1283,785,1604,1127,248,218,,,11305615.0
합계,강북구,수유2동,1945,4359,2321,2703,1240,723,349,372,219,561,513,,,11305625.0
합계,강북구,수유3동,3116,9238,5103,5445,2819,1678,1091,1956,1066,159,127,,,11305635.0
합계,강북구,삼양동,1588,3671,1869,2326,1046,409,142,722,499,214,182,,,11305534.0
합계,강북구,미아동,2243,6878,3943,3790,2097,1133,651,1684,943,271,252,,,11305535.0
합계,강북구,송중동,2930,8768,5201,5081,2792,2252,1371,1083,719,352,319,,,11305545.0
합계,강북구,송천동,2315,6467,3454,4192,2259,1118,456,941,535,216,204,,,11305555.0
합계,강북구,삼각산동,1533,3188,1850,2135,1106,193,96,538,342,322,306,,,11305575.0
합계,강북구,우이동,1556,5284,2126,2294,1078,2156,499,482,246,352,303,,,11305645.0
합계,강북구,인수동,2255,6642,3387,2904,1317,930,249,2017,1067,791,754,,,11305660.0
합계,도봉구,소계,25298,80087,39638,35782,16789,20726,7075,18400,11072,5179,4702,,,
합계,도봉구,쌍문1동,1346,4090,2283,1795,821,496,152,1538,1089,261,221,,,11320660.0
합계,도봉구,쌍문2동,1639,4780,2677,2404,1223,1079,439,817,581,480,434,,,11320670.0
합계,도봉구,쌍문3동,1329,4900,2186,1990,1001,1333,172,1444,890,133,123,,,11320680.0
합계,도봉구,쌍문4동,964,2242,1204,1152,528,214,86,727,449,149,141,,,11320681.0
합계,도봉구,방학1동,2841,12080,5928,4710,2458,3508,1153,3138,1656,724,661,,,11320690.0
합계,도봉구,방학2동,1526,4574,1880,2135,939,1565,218,431,311,443,412,,,11320700.0
합계,도봉구,방학3동,1690,3541,1660,2194,836,246,63,826,513,275,248,,,11320710.0
합계,도봉구,창1동,2126,3868,1737,2689,1107,351,136,666,349,162,145,,,11320511.0
합계,도봉구,창2동,1932,4377,2140,2555,1117,835,261,567,380,420,382,,,11320512.0
합계,도봉구,창3동,1235,2307,1218,1598,688,151,60,266,191,292,279,,,11320513.0
합계,도봉구,창4동,2160,10292,5246,2980,1531,3807,1791,3094,1566,411,358,,,11320514.0
합계,도봉구,창5동,2567,7618,3957,4042,1944,1612,619,1506,977,458,417,,,11320515.0
합계,도봉구,도봉1동,1998,7786,3544,3148,1586,3515,1256,800,430,323,272,,,11320521.0
합계,도봉구,도봉2동,1945,7632,3978,2390,1010,2014,669,2580,1690,648,609,,,11320522.0
합계,노원구,소계,38579,132355,71561,56682,28642,33595,15519,33975,20341,8103,7059,,,
합계,노원구,월계1동,1815,6719,3034,2994,1514,1303,272,2073,955,349,293,,,11350560.0
합계,노원구,월계2동,1391,3954,1820,1606,568,504,143,1608,906,236,203,,,11350570.0
합계,노원구,월계3동,1492,4757,2498,1893,924,1281,521,1147,681,436,372,,,11350580.0
합계,노원구,공릉2동,2745,13162,7162,3835,1921,1709,585,7249,4330,369,326,,,11350600.0
합계,노원구,하계1동,1623,8353,4231,2457,1314,2108,731,3503,1931,285,255,,,11350611.0
합계,노원구,하계2동,867,1680,939,980,431,95,44,416,301,189,163,,,
합계,노원구,중계본동,1716,6260,3338,2558,1314,2324,1175,1161,667,217,182,,,11350619.0
합계,노원구,중계1동,1501,4319,2429,2306,1252,1167,680,683,369,163,128,,,11350621.0
합계,노원구,중계4동,1557,4478,2559,2398,1279,633,281,958,576,489,423,,,11350624.0
합계,노원구,상계1동,4017,10287,4748,5215,2052,2991,1154,1661,1192,420,350,,,11350630.0
합계,노원구,상계2동,3353,11078,6626,6211,3581,2942,1591,1210,855,715,599,,,11350640.0
합계,노원구,상계5동,2810,5825,2968,3280,1320,1119,472,448,273,978,903,,,11350670.0
합계,노원구,상계8동,903,2228,1361,1265,642,148,76,522,364,293,279,,,11350700.0
합계,노원구,상계9동,1035,2757,1559,1469,739,302,143,761,466,225,211,,,11350710.0
합계,노원구,상계10동,824,2506,1119,1000,487,560,160,820,351,126,121,,,11350720.0
합계,노원구,상계3.4동,2147,6395,3163,2364,1022,2448,895,692,466,891,780,,,
합계,노원구,상계6.7동,2728,18020,11598,5489,3446,6384,4275,5589,3450,558,427,,,
합계,노원구,중계2.3동,2054,5681,3229,2765,1410,987,519,1569,979,360,321,,,
합계,노원구,공릉1동,4001,13896,7180,6597,3426,4590,1802,1905,1229,804,723,,,11350595.0
합계,은평구,소계,36093,107935,58710,53108,27476,21376,8995,27279,16787,6172,5452,,,
합계,은평구,녹번동,2735,11733,5933,4043,2123,2096,630,5154,2802,440,378,,,11380510.0
합계,은평구,불광1동,2498,7509,4421,3854,2159,1252,756,2044,1197,359,309,,,11380520.0
합계,은평구,갈현1동,1599,4565,2730,2800,1504,803,494,635,438,327,294,,,11380551.0
합계,은평구,갈현2동,2298,6977,3948,3787,2004,1202,623,1437,842,551,479,,,11380552.0
합계,은평구,구산동,2019,6230,3694,2489,1071,990,636,2413,1685,338,302,,,11380560.0
합계,은평구,대조동,3225,7957,4722,5129,2931,1653,957,787,488,388,346,,,11380570.0
합계,은평구,응암1동,2680,8114,4460,4624,2692,2060,764,965,621,465,383,,,11380580.0
합계,은평구,응암2동,1417,3115,1661,1716,850,379,63,671,413,349,335,,,11380590.0
합계,은평구,신사1동,1975,5324,2636,2891,1403,973,283,1148,689,312,261,,,11380631.0
합계,은평구,신사2동,2110,4451,1797,2430,706,786,304,982,566,253,221,,,11380632.0
합계,은평구,증산동,1214,4006,2004,1519,739,1341,409,966,704,180,152,,,11380640.0
합계,은평구,수색동,957,3547,1649,1175,564,1254,418,921,491,197,176,,,11380650.0
합계,은평구,진관동,3304,14347,8100,4721,2707,3386,1240,5684,3653,556,500,,,11380690.0
합계,은평구,불광2동,1970,5087,2918,2847,1509,500,252,1341,800,399,357,,,11380530.0
합계,은평구,응암3동,2472,5761,3126,3675,1858,952,466,769,472,365,330,,,11380600.0
합계,은평구,역촌동,3620,9212,4911,5408,2656,1749,700,1362,926,693,629,,,11380625.0
합계,서대문구,소계,28468,117330,60510,38562,19288,33637,13289,41104,24524,4027,3409,,,
합계,서대문구,천연동,1129,3568,1824,1490,757,337,112,1627,859,114,96,,,11410520.0
합계,서대문구,홍제1동,1591,4841,2392,2148,1096,1223,266,982,605,488,425,,,11410620.0
합계,서대문구,홍제3동,1550,3957,2306,2084,1073,614,286,1082,797,177,150,,,11410640.0
합계,서대문구,홍제2동,768,2217,1255,1113,600,267,124,353,143,484,388,,,11410655.0
합계,서대문구,홍은1동,1436,3023,1650,1783,865,341,128,584,365,315,292,,,11410660.0
합계,서대문구,홍은2동,2310,6997,3215,2869,1282,1760,536,2036,1127,332,270,,,11410685.0
합계,서대문구,남가좌1동,972,2809,1796,1665,1025,353,148,562,420,229,203,,,11410690.0
합계,서대문구,남가좌2동,2016,5652,3041,2765,1404,868,343,1585,893,434,401,,,11410700.0
합계,서대문구,북가좌1동,1507,3888,1550,1975,850,1200,189,588,412,125,99,,,
합계,서대문구,북가좌2동,3028,6019,2515,3849,1475,1300,461,419,194,451,385,,,11410720.0
합계,서대문구,충현동,2750,21998,8949,3445,1571,13232,5030,5144,2219,177,129,,,11410565.0
합계,서대문구,북아현동,1125,2756,1581,1597,872,248,106,732,437,179,166,,,11410555.0
합계,서대문구,신촌동,4957,36600,21753,7455,4184,8047,4044,20940,13419,158,106,,,11410585.0
합계,서대문구,연희동,3329,13005,6683,4324,2234,3847,1516,4470,2634,364,299,,,11410615.0
합계,마포구,소계,56080,274900,130219,71452,36907,167883,73117,31287,16553,4278,3642,,,
합계,마포구,용강동,3729,19150,8652,4016,2006,12891,5393,1931,1012,312,241,,,11440590.0
합계,마포구,대흥동,1988,9699,5122,3417,1993,2523,1332,3523,1589,236,208,,,11440600.0
합계,마포구,염리동,1062,6316,3075,1485,797,3713,1445,762,526,356,307,,,11440610.0
합계,마포구,신수동,2303,6711,3112,2694,1346,2591,1005,1189,567,237,194,,,11440630.0
합계,마포구,서교동,13072,62010,31622,18735,10178,40788,20135,2181,1074,306,235,,,11440660.0
합계,마포구,합정동,3816,13968,6919,4565,2079,8323,4064,1009,710,71,66,,,11440680.0
합계,마포구,망원1동,2978,6519,3100,4049,1926,1753,711,481,243,236,220,,,11440690.0
합계,마포구,망원2동,2013,4967,2557,2433,1182,1502,585,754,530,278,260,,,11440700.0
합계,마포구,연남동,3065,8850,4307,4089,1993,4320,2006,417,286,24,22,,,11440710.0
합계,마포구,성산1동,2719,12768,4594,2942,1365,8377,2222,1317,896,132,111,,,11440720.0
합계,마포구,성산2동,4039,13360,7093,4499,1952,4243,2439,4197,2335,421,367,,,11440730.0
합계,마포구,상암동,3789,45499,20506,4505,2395,35488,15072,5029,2603,477,436,,,11440740.0
합계,마포구,도화동,2897,21761,10151,3492,1969,16576,7265,1314,594,379,323,,,11440585.0
합계,마포구,서강동,2605,10137,4427,2963,1481,4425,1657,2664,1214,85,75,,,11440655.0
합계,마포구,공덕동,3593,20416,8800,4486,2333,13035,4739,2458,1395,437,333,,,11440565.0
합계,마포구,아현동,2412,12769,6182,3082,1912,7335,3047,2061,979,291,244,,,11440555.0
합계,양천구,소계,37760,130568,66096,55350,28256,40728,15642,27151,15827,7339,6371,,,
합계,양천구,목1동,3679,21226,11215,6983,4485,11838,5668,2239,950,166,112,,,11470510.0
합계,양천구,목2동,1954,5037,2735,2641,1362,1328,608,635,377,433,388,,,11470520.0
합계,양천구,목3동,1927,5279,2992,2839,1472,1105,500,912,640,423,380,,,11470530.0
합계,양천구,목4동,2109,4468,2291,3008,1498,807,344,422,255,231,194,,,11470540.0
합계,양천구,신월1동,2138,5285,2184,2993,1323,1465,289,398,214,429,358,,,11470560.0
합계,양천구,신월2동,1646,4283,1987,2202,936,1131,290,597,437,353,324,,,11470570.0
합계,양천구,신월3동,1437,5110,2424,1961,761,1472,331,1232,912,445,420,,,11470580.0
합계,양천구,신월4동,1577,3978,1750,2229,1034,1039,179,312,190,398,347,,,11470590.0
합계,양천구,신월5동,1337,4283,2315,2005,993,1506,778,523,328,249,216,,,11470600.0
합계,양천구,신월6동,1986,4079,1571,2384,745,928,188,542,428,225,210,,,11470610.0
합계,양천구,신월7동,1629,5238,1876,2085,859,1344,236,1298,339,511,442,,,11470611.0
합계,양천구,신정1동,1565,5161,2898,2231,1245,791,359,1795,998,344,296,,,11470620.0
합계,양천구,신정2동,1539,4469,2650,2371,1271,907,465,899,663,292,251,,,11470630.0
합계,양천구,신정3동,3254,9818,4595,4456,2005,2660,683,2055,1363,647,544,,,11470640.0
합계,양천구,신정6동,1081,7645,4096,1565,967,901,479,4824,2327,355,323,,,11470670.0
합계,양천구,신정7동,1826,7997,3460,2519,1238,3236,1143,1819,719,423,360,,,11470680.0
합계,양천구,목5동,2390,10534,6489,3317,2032,2900,1450,3981,2757,336,250,,,11470550.0
합계,양천구,신정4동,4686,16678,8568,7561,4030,5370,1652,2668,1930,1079,956,,,11470650.0
합계,강서구,소계,60611,312532,137909,80080,39701,184727,67376,38280,22362,9445,8470,,,
합계,강서구,염창동,3336,16140,6795,4211,2114,9768,3157,1727,1154,434,370,,,11500510.0
합계,강서구,등촌1동,3230,21674,9072,4299,2245,15616,5916,1341,550,418,361,,,11500520.0
합계,강서구,등촌2동,1178,3819,1893,1350,591,1248,521,1033,612,188,169,,,11500530.0
합계,강서구,등촌3동,3453,22165,11187,4622,2485,12108,4914,3898,2361,1537,1427,,,11500535.0
합계,강서구,화곡본동,2129,4805,2544,3023,1436,883,430,604,411,295,267,,,11500590.0
합계,강서구,화곡2동,1274,2744,1320,1584,672,511,204,477,293,172,151,,,11500550.0
합계,강서구,화곡3동,1684,4514,2447,2948,1644,931,331,370,225,265,247,,,11500560.0
합계,강서구,화곡4동,1920,3916,1977,2595,1238,666,284,550,365,105,90,,,11500570.0
합계,강서구,화곡6동,2429,12044,5364,3459,1661,3838,1264,4206,1986,541,453,,,11500591.0
합계,강서구,화곡8동,1753,3571,1906,2355,1138,501,170,469,367,246,231,,,11500593.0
합계,강서구,가양1동,10104,79982,28836,12462,6324,64049,20499,3042,1629,429,384,,,11500603.0
합계,강서구,가양2동,890,3556,2044,1271,665,898,409,1129,735,258,235,,,11500604.0
합계,강서구,가양3동,1179,7271,2789,1038,423,4625,1481,1359,662,249,223,,,11500605.0
합계,강서구,발산1동,7125,36853,17479,8829,4802,21045,7418,5947,4321,1032,938,,,11500611.0
합계,강서구,공항동,2776,34886,16763,3374,1516,28060,13315,2785,1325,667,607,,,11500620.0
합계,강서구,방화1동,4068,16442,8021,5821,2881,5263,1910,4681,2643,677,587,,,11500630.0
합계,강서구,방화2동,3933,15823,5822,4608,1525,9564,3358,1321,652,330,287,,,11500640.0
합계,강서구,방화3동,1363,4768,2291,1577,678,1526,532,1217,695,448,386,,,11500641.0
합계,강서구,화곡1동,4077,9881,5062,6261,3199,2109,688,781,495,730,680,,,11500540.0
합계,강서구,우장산동,2710,7678,4297,4393,2464,1518,575,1343,881,424,377,,,11500615.0
합계,구로구,소계,51832,232534,102046,65385,30339,133333,49894,26852,15683,6964,6130,,,
합계,구로구,신도림동,3613,17511,9309,5368,2570,10784,5763,824,489,535,487,,,11530510.0
합계,구로구,구로1동,1252,2873,1372,1592,780,473,130,555,263,253,199,,,11530520.0
합계,구로구,구로3동,9791,86962,34029,9009,4620,74497,27524,3119,1647,337,238,,,11530540.0
합계,구로구,구로4동,2573,6676,3562,3570,1935,1460,443,1087,682,559,502,,,11530550.0
합계,구로구,구로5동,5456,26289,11166,6829,3000,15163,5661,3701,2008,596,497,,,11530560.0
합계,구로구,고척1동,3177,11080,5154,5572,2647,3469,1243,1500,783,539,481,,,11530720.0
합계,구로구,고척2동,2243,4770,2384,2974,1381,718,209,695,452,383,342,,,11530730.0
합계,구로구,개봉2동,1802,4160,2127,2507,1235,611,191,591,279,451,422,,,11530750.0
합계,구로구,개봉3동,1428,8651,3451,1804,825,6049,1986,445,321,353,319,,,11530760.0
합계,구로구,오류1동,1947,5193,2643,2686,1471,1739,644,454,262,314,266,,,11530770.0
합계,구로구,수궁동,1764,6172,2706,2259,928,1909,414,1490,894,514,470,,,11530790.0
합계,구로구,가리봉동,1082,4066,2612,1473,791,1308,786,1034,807,251,228,,,11530595.0
합계,구로구,구로2동,9098,29187,12604,11221,4162,11241,3706,6210,4268,515,468,,,11530530.0
합계,구로구,개봉1동,2535,6253,3470,3508,1710,911,384,1271,876,563,500,,,11530740.0
합계,구로구,오류2동,2417,7799,3398,3062,1454,1458,401,2738,1057,541,486,,,11530780.0
합계,구로구,항동,1654,4892,2059,1951,830,1543,409,1138,595,260,225,,,11530800.0
합계,금천구,소계,48067,257675,101058,54643,25157,182588,63599,17408,9634,3036,2668,,,
합계,금천구,가산동,26034,186632,68782,23043,10749,158221,55537,5157,2370,211,126,,,11545510.0
합계,금천구,독산1동,5329,23261,9817,8074,3828,12340,4057,2392,1522,455,410,,,11545610.0
합계,금천구,독산2동,1520,3600,1787,2210,1060,494,161,631,331,265,235,,,11545620.0
합계,금천구,독산3동,2501,6504,3360,4232,2163,1097,365,786,473,389,359,,,11545630.0
합계,금천구,독산4동,1370,2934,1407,2004,935,385,104,405,242,140,126,,,11545640.0
합계,금천구,시흥1동,4116,17077,8970,6316,3345,4677,1987,5423,3041,661,597,,,11545670.0
합계,금천구,시흥2동,1049,2694,1452,1243,507,328,141,923,636,200,168,,,11545680.0
합계,금천구,시흥3동,3561,9127,2679,4324,1205,4007,1029,759,418,37,27,,,11545690.0
합계,금천구,시흥4동,1168,2206,1129,1346,532,162,67,439,295,259,235,,,11545700.0
합계,금천구,시흥5동,1419,3640,1675,1851,833,877,151,493,306,419,385,,,11545710.0
합계,영등포구,소계,74118,442395,188146,82511,37472,291085,116801,61972,28932,6827,4941,,,
합계,영등포구,여의동,17879,192132,77025,11479,6711,143961,56066,34468,13139,2224,1109,,,11560540.0
합계,영등포구,당산1동,6223,29004,13899,6761,2842,18459,9107,3425,1653,359,297,,,11560550.0
합계,영등포구,당산2동,3576,25438,10678,4555,2494,17985,6453,2546,1445,352,286,,,11560560.0
합계,영등포구,양평1동,4554,25241,10290,4989,1707,18612,7561,1320,762,320,260,,,11560610.0
합계,영등포구,양평2동,3460,22449,8917,3864,1760,16720,6123,1648,855,217,179,,,11560620.0
합계,영등포구,신길1동,1353,5376,2829,1781,893,1702,560,1715,1241,178,135,,,11560630.0
합계,영등포구,신길3동,1272,2762,1469,1699,825,560,280,287,162,216,202,,,11560650.0
합계,영등포구,신길4동,641,1474,806,809,363,227,115,187,95,251,233,,,11560660.0
합계,영등포구,신길5동,668,2014,985,887,373,257,100,793,445,77,67,,,11560670.0
합계,영등포구,신길6동,1556,4644,2487,2419,1353,867,261,990,559,368,314,,,11560680.0
합계,영등포구,신길7동,942,3297,1679,1274,648,788,264,1066,616,169,151,,,11560690.0
합계,영등포구,대림1동,1316,4671,2911,2097,1161,438,203,1807,1267,329,280,,,11560700.0
합계,영등포구,대림2동,2048,6242,3681,3463,1929,2328,1549,390,164,61,39,,,11560710.0
합계,영등포구,대림3동,3098,8925,3644,3927,1626,3340,968,1202,648,456,402,,,11560720.0
합계,영등포구,영등포본동,1680,5229,2682,2391,1291,1540,561,1036,596,262,234,,,11560515.0
합계,영등포구,영등포동,14941,47533,19365,18682,6772,22048,8667,6478,3717,325,209,,,11560535.0
합계,영등포구,도림동,1669,3506,1465,1966,833,910,172,337,195,293,265,,,11560585.0
합계,영등포구,문래동,7242,52458,23334,9468,3891,40343,17791,2277,1373,370,279,,,11560605.0
합계,동작구,소계,27532,109155,55674,39777,20363,35626,14406,28411,16186,5341,4719,,,
합계,동작구,노량진2동,1721,7017,3137,2779,1268,1813,740,2298,1011,127,118,,,11590520.0
합계,동작구,상도1동,2744,9305,4895,4016,2109,1773,722,2915,1544,601,520,,,11590530.0
합계,동작구,상도2동,1772,5043,2743,2670,1536,921,344,1085,537,367,326,,,11590540.0
합계,동작구,상도3동,1577,3755,2090,2393,1160,407,183,644,472,311,275,,,11590550.0
합계,동작구,상도4동,1641,3666,2040,2052,919,378,159,734,503,502,459,,,11590560.0
합계,동작구,사당1동,2553,10572,5447,3948,2032,5148,2459,943,539,533,417,,,11590620.0
합계,동작구,사당3동,1395,4828,2376,1716,817,1851,763,1057,611,204,185,,,11590640.0
합계,동작구,사당4동,995,1996,1060,1314,603,243,139,335,234,104,84,,,11590650.0
합계,동작구,사당5동,848,1918,951,973,447,365,82,507,358,73,64,,,11590651.0
합계,동작구,대방동,2393,13109,6037,3638,1858,6221,1883,2612,1714,638,582,,,11590660.0
합계,동작구,신대방1동,1526,4065,2193,1893,970,1124,504,678,391,370,328,,,11590670.0
합계,동작구,신대방2동,1989,19563,9476,2784,1497,10843,4274,5441,3242,495,463,,,11590680.0
합계,동작구,흑석동,1826,10376,6025,2679,1555,1009,490,6383,3704,305,276,,,11590605.0
합계,동작구,노량진1동,2254,7479,3775,3130,1474,2357,1070,1599,893,393,338,,,11590510.0
합계,동작구,사당2동,2298,6463,3429,3792,2118,1173,594,1180,433,318,284,,,11590630.0
합계,관악구,소계,37657,125747,61485,56300,27020,33619,12876,30846,17281,4982,4308,,,
합계,관악구,보라매동,2034,7388,3644,2619,1225,3543,1558,986,652,240,209,,,11620525.0
합계,관악구,청림동,742,1544,831,902,428,224,71,218,146,200,186,,,11620545.0
합계,관악구,행운동,2109,5970,3262,3190,1697,1639,807,903,543,238,215,,,11620575.0
합계,관악구,낙성대동,2038,8390,3603,3883,1967,3322,962,1106,623,79,51,,,11620585.0
합계,관악구,중앙동,1521,5134,2933,2466,1416,2059,1056,348,237,261,224,,,11620615.0
합계,관악구,인헌동,1623,5113,2500,2473,1232,1964,780,448,278,228,210,,,11620625.0
합계,관악구,남현동,1538,6220,2669,2188,1040,3453,1273,503,296,76,60,,,11620630.0
합계,관악구,서원동,1940,7993,4208,3340,1711,2803,1189,1646,1121,204,187,,,11620645.0
합계,관악구,신원동,1205,2953,1459,1568,746,542,210,696,364,147,139,,,11620655.0
합계,관악구,서림동,1578,3115,1193,2008,739,608,143,353,176,146,135,,,11620665.0
합계,관악구,신사동,1914,4486,2130,2917,1360,921,319,432,249,216,202,,,11680510.0
합계,관악구,신림동,2197,5754,2777,4200,2180,1081,424,390,126,83,47,,,11620695.0
합계,관악구,난향동,721,1973,976,863,355,313,51,599,396,198,174,,,11620715.0
합계,관악구,조원동,2743,7227,3162,4075,1755,1958,621,925,548,269,238,,,11620725.0
합계,관악구,대학동,2139,17561,8817,2725,1255,2143,1147,12596,6362,97,53,,,11620735.0
합계,관악구,은천동,2598,7812,3423,3760,1719,2600,717,958,549,494,438,,,11620605.0
합계,관악구,성현동,1388,3179,1576,1739,769,515,143,654,457,271,207,,,11620565.0
합계,관악구,청룡동,2773,12832,6552,4944,2623,2519,856,5008,2765,361,308,,,11620595.0
합계,관악구,난곡동,1455,3056,1583,1979,851,202,77,435,280,440,375,,,11620775.0
합계,관악구,삼성동,1258,2564,1329,1480,572,173,66,644,452,267,239,,,11620745.0
합계,관악구,미성동,2143,5483,2858,2981,1380,1037,406,998,661,467,411,,,11620765.0
합계,서초구,소계,72068,493979,210746,93153,50126,330305,123118,65755,34215,4766,3287,,,
합계,서초구,서초1동,6323,36642,14469,7242,3624,23637,7860,5355,2756,408,229,,,11650510.0
합계,서초구,서초2동,8711,83277,38464,7724,4252,69206,30732,5857,3224,490,256,,,11650520.0
합계,서초구,서초3동,12027,92681,35701,14928,7018,55648,18593,21648,9874,457,216,,,11650530.0
합계,서초구,서초4동,4176,29588,15492,10678,7151,15829,6871,2840,1318,241,152,,,11650531.0
합계,서초구,잠원동,3117,18189,7987,3863,2163,13245,5191,782,406,299,227,,,11650540.0
합계,서초구,반포본동,191,751,389,175,118,197,77,377,192,2,2,,,11650550.0
합계,서초구,반포1동,2512,11306,5615,4195,2563,5659,2185,1206,660,246,207,,,11650560.0
합계,서초구,반포2동,776,3488,2035,1176,777,948,481,1240,668,124,109,,,11650570.0
합계,서초구,반포3동,1413,7258,3324,2156,1362,4019,1236,897,588,186,138,,,11650580.0
합계,서초구,반포4동,4197,30800,16760,7483,4593,15032,6478,8033,5502,252,187,,,11650581.0
합계,서초구,방배본동,2482,8997,4100,2998,1633,4896,1975,918,368,185,124,,,11650590.0
합계,서초구,방배1동,2819,18896,7634,3361,1795,14289,5109,1098,635,148,95,,,11650600.0
합계,서초구,방배2동,2806,16393,7492,3625,1880,10296,4546,2163,804,309,262,,,11650610.0
합계,서초구,방배3동,1987,11464,3943,2773,1377,6229,1278,2250,1131,212,157,,,11650620.0
합계,서초구,방배4동,3411,13658,6263,4167,2243,7851,3069,1310,708,330,243,,,11650621.0
합계,서초구,양재1동,5827,50256,19595,6656,3387,38217,13099,4771,2652,612,457,,,11650651.0
합계,서초구,양재2동,7779,49805,16674,7840,3167,39419,12295,2404,1100,142,112,,,11650652.0
합계,서초구,내곡동,1514,10530,4809,2113,1023,5688,2043,2606,1629,123,114,,,11650660.0
합계,강남구,소계,101160,755251,350638,134476,77776,534729,225254,78909,42583,7137,5025,,,
합계,강남구,신사동,5590,26166,14122,10369,6507,14656,6992,916,473,225,150,,,11680510.0
합계,강남구,개포3동,748,7005,2736,927,544,2206,565,3558,1367,314,260,,,
합계,강남구,논현1동,8095,48274,23523,12349,7312,34100,15243,1629,855,196,113,,,11680521.0
합계,강남구,논현2동,8318,71049,30929,10322,5730,55737,22692,4795,2402,195,105,,,11680531.0
합계,강남구,삼성1동,7322,63427,27537,5769,3366,50986,20912,6072,2919,600,340,,,11680580.0
합계,강남구,삼성2동,5653,48922,24144,5463,2958,36585,17167,6472,3762,402,257,,,11680590.0
합계,강남구,대치1동,1220,7565,4504,2337,1587,3372,1988,1703,830,153,99,,,11680600.0
합계,강남구,대치4동,5503,32040,14187,8146,4479,21707,8493,1960,1076,227,139,,,11680630.0
합계,강남구,역삼1동,18538,177049,79275,24269,13900,133159,55590,18818,9365,803,420,,,11680640.0
합계,강남구,역삼2동,5212,40283,17477,6042,3147,30020,12012,4014,2181,207,137,,,11680650.0
합계,강남구,도곡1동,2543,19283,8598,3569,2042,11950,3983,3492,2409,272,164,,,11680655.0
합계,강남구,도곡2동,2560,20512,8793,2921,1726,15185,5846,2252,1107,154,114,,,11680656.0
합계,강남구,개포1동,388,1377,499,368,173,720,120,217,135,72,71,,,
합계,강남구,개포4동,3271,11962,4309,3237,1346,7562,2268,935,511,228,184,,,11680690.0
합계,강남구,일원본동,774,9706,7100,1122,674,873,427,7540,5852,171,147,,,11680720.0
합계,강남구,일원1동,2479,6850,2379,2868,911,3075,939,664,309,243,220,,,11680730.0
합계,강남구,수서동,1746,16635,8157,1731,956,12447,5540,1881,1129,576,532,,,11680750.0
합계,강남구,세곡동,2681,10206,4542,3009,1597,5284,1675,1479,873,434,397,,,11680700.0
합계,강남구,압구정동,5491,32040,18006,10305,6401,20159,10765,1251,608,325,232,,,11680545.0
합계,강남구,청담동,6005,40724,22343,11516,7912,27002,13196,1880,1035,326,200,,,11680565.0
합계,강남구,대치2동,5592,59589,24552,5667,3187,47185,18431,6177,2549,560,385,,,11680610.0
합계,강남구,개포2동,1431,4587,2926,2170,1321,759,410,1204,836,454,359,,,11680670.0
합계,송파구,소계,75957,418595,170568,96487,48518,267575,88349,46140,26382,8393,7319,,,
합계,송파구,풍납1동,929,2235,1144,1136,474,602,297,268,166,229,207,,,11710510.0
합계,송파구,풍납2동,1951,15550,9764,2903,1316,2295,756,9961,7363,391,329,,,11710520.0
합계,송파구,거여1동,1247,4160,2323,1709,882,968,279,1038,761,445,401,,,11710531.0
합계,송파구,거여2동,1495,4618,2309,2234,1207,1441,397,532,328,411,377,,,11710532.0
합계,송파구,마천1동,1317,2880,1163,1577,635,647,134,443,211,213,183,,,11710540.0
합계,송파구,마천2동,1735,4624,2219,2540,1220,784,145,817,428,483,426,,,11710550.0
합계,송파구,방이1동,1933,8116,3481,2963,1572,4493,1500,555,328,105,81,,,11710561.0
합계,송파구,방이2동,5351,23723,9951,7147,3491,15104,5606,1147,589,325,265,,,11710562.0
합계,송파구,오륜동,777,5256,2488,821,495,2039,911,2287,1009,109,73,,,11710566.0
합계,송파구,오금동,3733,19623,8074,4629,2113,12377,4213,2118,1328,499,420,,,11710570.0
합계,송파구,송파1동,3409,14112,5954,5087,2450,7707,2536,710,417,608,551,,,11710580.0
합계,송파구,송파2동,1336,4096,2233,1565,820,1669,841,661,401,201,171,,,11710590.0
합계,송파구,석촌동,3959,16310,7395,5991,3139,8880,3380,865,358,574,518,,,11710600.0
합계,송파구,삼전동,2827,10201,4588,3973,1997,4796,1714,1083,541,349,336,,,11710610.0
합계,송파구,가락본동,5226,27900,10632,6488,3274,16934,4873,4089,2168,389,317,,,11710620.0
합계,송파구,가락1동,3813,13024,4461,2386,1137,9417,2669,966,451,255,204,,,11710631.0
합계,송파구,가락2동,3578,12039,5531,4696,2122,6249,2583,742,514,352,312,,,11710632.0
합계,송파구,문정1동,2013,7481,2784,2643,1189,4193,1224,463,226,182,145,,,11710641.0
합계,송파구,문정2동,13149,99251,29287,12510,5820,81378,21107,5173,2221,190,139,,,11710642.0
합계,송파구,잠실본동,4414,24029,9470,7863,4117,14558,4703,1360,456,248,194,,,11710650.0
합계,송파구,잠실4동,646,1853,1178,1037,628,185,100,478,303,153,147,,,11710690.0
합계,송파구,잠실6동,3472,66677,28763,4297,2379,56671,23475,5428,2661,281,248,,,11710710.0
합계,송파구,잠실7동,347,1259,741,353,196,330,192,568,352,8,1,,,11710720.0
합계,송파구,잠실2동,1280,4105,2463,1951,1280,655,233,1322,807,177,143,,,11710670.0
합계,송파구,잠실3동,1967,8474,5097,2863,1899,4705,2600,649,361,257,237,,,11710680.0
합계,송파구,장지동,1927,9332,3508,2283,1082,5215,1155,1282,775,552,496,,,11710646.0
합계,송파구,위례동,2126,7667,3567,2842,1584,3283,726,1135,859,407,398,,,11710647.0
합계,강동구,소계,43775,169270,81698,62879,31883,70883,26039,28334,17521,7174,6255,,,
합계,강동구,명일1동,2636,7748,4809,4266,2462,1360,713,1360,946,762,688,,,11740530.0
합계,강동구,명일2동,1489,5130,2943,2865,1693,1472,728,555,329,238,193,,,11740540.0
합계,강동구,고덕1동,1208,3087,1719,1482,704,279,117,1114,702,212,196,,,11740550.0
합계,강동구,고덕2동,1750,10022,3900,2634,1493,5458,1346,1667,814,263,247,,,11740560.0
합계,강동구,암사2동,1210,3596,1848,1711,852,1273,520,340,217,272,259,,,11740580.0
합계,강동구,암사3동,1402,3046,1565,1553,770,791,393,563,280,139,122,,,11740590.0
합계,강동구,천호1동,2428,5809,3112,3143,1455,1389,659,799,571,478,427,,,11740600.0
합계,강동구,천호3동,2604,11139,5339,4026,2142,6306,2721,493,244,314,232,,,11740620.0
합계,강동구,성내1동,2838,20271,9160,3676,1736,11259,4630,5054,2560,282,234,,,11740640.0
합계,강동구,성내2동,2658,7782,3917,3915,1995,3100,1369,449,293,318,260,,,11740650.0
합계,강동구,성내3동,3097,8982,4593,4632,2529,3430,1443,466,236,454,385,,,11740660.0
합계,강동구,둔촌1동,176,573,259,203,110,53,26,314,121,3,2,,,
합계,강동구,둔촌2동,2061,9969,5353,2892,1363,3293,1365,3372,2274,412,351,,,11740700.0
합계,강동구,암사1동,2630,6728,3703,3606,1602,830,286,1568,1151,724,664,,,11740570.0
합계,강동구,천호2동,4620,15918,8300,7068,3787,6016,2669,2525,1593,309,251,,,11740610.0
합계,강동구,길동,6568,20385,10083,9558,4478,6653,2683,3216,2103,958,819,,,11740685.0
합계,강동구,강일동,1889,5422,2294,2458,1096,1857,369,686,444,421,385,,,11740515.0
합계,강동구,상일1동,1888,7234,4323,2451,1250,1014,387,3390,2363,379,323,,,
합계,강동구,상일2동,623,16429,4478,740,366,15050,3615,403,280,236,217,,,
